,X,Y,Y_appr
0,298.0,65.38478303354924,65.56672563878695
1,298.7027027027027,65.45535582779524,65.63428503615256
2,299.4054054054054,65.52579735828071,65.70172467626362
3,300.1081081081081,65.5961075679552,65.76904469409969
4,300.81081081081084,65.66628640245736,65.83624522464032
5,301.5135135135135,65.73633381011403,65.90332640286508
6,302.2162162162162,65.80624974193886,65.97028836375351
7,302.9189189189189,65.87603415163026,66.0371312422852
8,303.6216216216216,65.94568699556932,66.10385517343968
9,304.3243243243243,66.01520823281683,66.17046029219651
10,305.02702702702703,66.08459782511017,66.23694673353529
11,305.72972972972974,66.1538557368597,66.30331463243553
12,306.43243243243245,66.2229819351447,66.36956412387681
13,307.13513513513516,66.29197638970898,66.4356953428387
14,307.8378378378378,66.36083907295605,66.50170842430074
15,308.5405405405405,66.42956995994386,66.5676035032425
16,309.2432432432432,66.49816902837941,66.63338071464352
17,309.94594594594594,66.56663625861256,66.6990401934834
18,310.64864864864865,66.63497163363004,66.76458207474167
19,311.35135135135135,66.70317513904858,66.83000649339789
20,312.05405405405406,66.77124676310814,66.89531358443163
21,312.7567567567568,66.83918649666448,66.96050348282245
22,313.4594594594595,66.90699433318173,67.0255763235499
23,314.1621621621622,66.97467026872428,67.09053224159354
24,314.86486486486484,67.0422143019487,67.15537137193292
25,315.56756756756755,67.1096264340953,67.22009384954762
26,316.27027027027026,67.17690666897907,67.28469980941719
27,316.97297297297297,67.24405501298095,67.34918938652118
28,317.6756756756757,67.31107147503822,67.41356271583918
29,318.3783783783784,67.37795606663511,67.47781993235071
30,319.0810810810811,67.44470880179274,67.54196117103535
31,319.7837837837838,67.5113296970592,67.60598656687267
32,320.4864864864865,67.577818771499,67.66989625484221
33,321.18918918918916,67.64417604668273,67.73369036992354
34,321.8918918918919,67.71040154667602,67.7973690470962
35,322.5945945945946,67.77649529802865,67.86093242133978
36,323.2972972972973,67.84245732976318,67.92438062763384
37,324.0,67.90828767336359,67.98771380095789
38,324.7027027027027,67.9739863627636,68.05093207629153
39,325.4054054054054,68.03955343433472,68.11403558861433
40,326.1081081081081,68.1049889268743,68.17702447290583
41,326.81081081081084,68.17029288159321,68.23989886414557
42,327.51351351351354,68.23546534210351,68.30265889731314
43,328.2162162162162,68.30050635440571,68.36530470738808
44,328.9189189189189,68.36541596687616,68.42783642934998
45,329.6216216216216,68.43019423025405,68.49025419817836
46,330.3243243243243,68.49484119762832,68.55255814885281
47,331.02702702702703,68.55935692442438,68.61474841635288
48,331.72972972972974,68.62374146839088,68.6768251356581
49,332.43243243243245,68.68799488958595,68.73878844174808
50,333.13513513513516,68.75211725036377,68.80063846960235
51,333.8378378378378,68.81610861536055,68.86237535420048
52,334.5405405405405,68.87996905148076,68.92399923052201
53,335.2432432432432,68.94369862788302,68.98551023354653
54,335.94594594594594,69.00729741596592,69.04690849825357
55,336.64864864864865,69.07076548935372,69.10819415962271
56,337.35135135135135,69.13410292388197,69.16936735263349
57,338.05405405405406,69.19730979758305,69.2304282122655
58,338.7567567567568,69.26038619067144,69.29137687349827
59,339.4594594594595,69.32333218552918,69.35221347131136
60,340.1621621621622,69.38614786669092,69.41293814068433
61,340.8648648648649,69.44883332082915,69.47355101659679
62,341.56756756756755,69.51138863673916,69.53405223402821
63,342.27027027027026,69.57381390532397,69.59444192795823
64,342.97297297297297,69.63610921957924,69.65472023336636
65,343.6756756756757,69.69827467457814,69.71488728523218
66,344.3783783783784,69.76031036745583,69.77494321853524
67,345.0810810810811,69.82221639739441,69.8348881682551
68,345.7837837837838,69.88399286560724,69.89472226937133
69,346.4864864864865,69.9456398753237,69.9544456568635
70,347.18918918918916,70.00715753177352,70.01405846571112
71,347.8918918918919,70.06854594217123,70.0735608308938
72,348.5945945945946,70.12980521570053,70.13295288739108
73,349.2972972972973,70.19093546349869,70.19223477018252
74,350.0,70.2519367986407,70.25140661424768
75,350.7027027027027,70.31280933612354,70.31046855456613
76,351.4054054054054,70.37355319285051,70.3694207261174
77,352.1081081081081,70.43416848761518,70.42826326388109
78,352.81081081081084,70.49465534108568,70.4869963028367
79,353.51351351351354,70.55501387578875,70.54561997796385
80,354.2162162162162,70.61524421609384,70.60413442424206
81,354.9189189189189,70.67534648819709,70.66253977665093
82,355.6216216216216,70.73532082010546,70.72083617016999
83,356.3243243243243,70.79516734162064,70.77902373977881
84,357.02702702702703,70.85488618432318,70.83710262045693
85,357.72972972972974,70.91447748155629,70.8950729471839
86,358.43243243243245,70.97394136841001,70.95293485493934
87,359.13513513513516,71.03327798170497,71.01068847870276
88,359.8378378378378,71.09248745997657,71.06833395345373
89,360.5405405405405,71.1515699434587,71.1258714141718
90,361.2432432432432,71.2105255740679,71.18330099583656
91,361.94594594594594,71.26935449538712,71.24062283342752
92,362.64864864864865,71.32805685264988,71.29783706192427
93,363.35135135135135,71.38663279272404,71.35494381630639
94,364.05405405405406,71.44508246409583,71.41194323155341
95,364.7567567567568,71.50340601685394,71.46883544264489
96,365.4594594594595,71.56160360267329,71.52562058456041
97,366.1621621621622,71.6196753747992,71.58229879227952
98,366.8648648648649,71.67762148803138,71.63887020078175
99,367.56756756756755,71.73544209870785,71.69533494504668
100,368.27027027027026,71.79313736468914,71.75169316005389
101,368.97297297297297,71.85070744534225,71.80794498078293
102,369.6756756756757,71.90815250152484,71.86409054221332
103,370.3783783783784,71.96547269556919,71.92012997932468
104,371.0810810810811,72.02266819126649,71.97606342709653
105,371.7837837837838,72.07973915385104,72.03189102050844
106,372.48648648648646,72.13668574998421,72.08761289453997
107,373.18918918918916,72.19350814773897,72.14322918417068
108,373.8918918918919,72.25020651658393,72.19874002438013
109,374.5945945945946,72.30678102736773,72.25414555014787
110,375.2972972972973,72.36323185230337,72.30944589645347
111,376.0,72.41955916495256,72.36464119827649
112,376.7027027027027,72.4757631402101,72.41973159059648
113,377.4054054054054,72.53184395428839,72.474717208393
114,378.1081081081081,72.58780178470185,72.52959818664561
115,378.81081081081084,72.64363681025145,72.58437466033388
116,379.51351351351354,72.69934921100939,72.63904676443738
117,380.21621621621625,72.7549391683035,72.69361463393565
118,380.9189189189189,72.8104068647021,72.74807840380822
119,381.6216216216216,72.8657524839987,72.8024382090347
120,382.3243243243243,72.92097621119657,72.85669418459463
121,383.02702702702703,72.97607823249372,72.91084646546759
122,383.72972972972974,73.03105873526776,72.9648951866331
123,384.43243243243245,73.0859179080607,73.01884048307073
124,385.13513513513516,73.14065594056392,73.07268248976004
125,385.8378378378378,73.1952730236033,73.12642134168061
126,386.5405405405405,73.24976934912422,73.18005717381197
127,387.2432432432432,73.30414511017665,73.23359012113373
128,387.94594594594594,73.35840050090039,73.2870203186254
129,388.64864864864865,73.41253571651026,73.34034790126655
130,389.35135135135135,73.46655095328143,73.39357300403677
131,390.05405405405406,73.52044640853474,73.44669576191555
132,390.7567567567568,73.57422228062221,73.49971630988253
133,391.4594594594595,73.62787876891242,73.55263478291721
134,392.1621621621622,73.68141607377608,73.60545131599918
135,392.8648648648649,73.73483439657164,73.65816604410796
136,393.5675675675676,73.78813393963095,73.71077910222317
137,394.27027027027026,73.84131490624499,73.76329062532433
138,394.97297297297297,73.89437750064971,73.81570074839101
139,395.6756756756757,73.94732192801185,73.86800960640278
140,396.3783783783784,74.00014839441478,73.92021733433918
141,397.0810810810811,74.05285710684468,73.97232406717978
142,397.7837837837838,74.10544827317648,74.02432993990413
143,398.4864864864865,74.15792210216,74.0762350874918
144,399.18918918918916,74.21027880340618,74.12803964492232
145,399.8918918918919,74.26251858737335,74.17974374717531
146,400.5945945945946,74.3146416653535,74.23134752923028
147,401.2972972972973,74.36664824945882,74.28285112606679
148,402.0,74.41853855260801,74.33425467266443
149,402.7027027027027,74.47031278851303,74.38555830400273
150,403.4054054054054,74.52197117166553,74.43676215506127
151,404.1081081081081,74.57351391732365,74.4878663608196
152,404.81081081081084,74.62494124149882,74.53887105625728
153,405.51351351351354,74.67625336094247,74.58977637635385
154,406.21621621621625,74.72745049313315,74.64058245608891
155,406.9189189189189,74.77853285626325,74.691289430442
156,407.6216216216216,74.82950066922636,74.74189743439265
157,408.3243243243243,74.88035415160418,74.79240660292047
158,409.02702702702703,74.9310935236538,74.84281707100499
159,409.72972972972974,74.9817190062951,74.89312897362576
160,410.43243243243245,75.03223082109797,74.94334244576237
161,411.13513513513516,75.08262919026978,74.99345762239437
162,411.8378378378378,75.13291433664294,75.0434746385013
163,412.5405405405405,75.18308648366256,75.09339362906275
164,413.2432432432432,75.23314585537395,75.14321472905824
165,413.94594594594594,75.28309267641049,75.19293807346736
166,414.64864864864865,75.33292717198147,75.24256379726967
167,415.35135135135135,75.38264956785989,75.29209203544471
168,416.05405405405406,75.43226009037053,75.34152292297205
169,416.7567567567568,75.48175896637805,75.39085659483126
170,417.4594594594595,75.531146423275,75.44009318600186
171,418.1621621621622,75.5804226889701,75.48923283146345
172,418.8648648648649,75.62958799187662,75.5382756661956
173,419.5675675675676,75.6786425609006,75.58722182517783
174,420.27027027027026,75.72758662542938,75.63607144338971
175,420.97297297297297,75.77642041532019,75.6848246558108
176,421.6756756756757,75.82514416088867,75.73348159742068
177,422.3783783783784,75.87375809289759,75.78204240319889
178,423.0810810810811,75.92226244254559,75.83050720812497
179,423.7837837837838,75.97065744145614,75.87887614717854
180,424.4864864864865,76.01894332166636,75.9271493553391
181,425.18918918918916,76.06712031561601,75.97532696758623
182,425.8918918918919,76.11518865613667,76.02340911889948
183,426.5945945945946,76.16314857644088,76.07139594425843
184,427.2972972972973,76.2110003101113,76.11928757864266
185,428.0,76.25874409109016,76.16708415703165
186,428.7027027027027,76.3063801536686,76.21478581440505
187,429.4054054054054,76.35390873247611,76.26239268574236
188,430.1081081081081,76.40133006247025,76.30990490602315
189,430.81081081081084,76.44864437892602,76.35732261022699
190,431.51351351351354,76.49585191742591,76.40464593333343
191,432.21621621621625,76.54295291384946,76.45187501032203
192,432.91891891891896,76.58994760436323,76.49900997617235
193,433.62162162162167,76.63683622541073,76.54605096586397
194,434.3243243243243,76.68361901370253,76.59299811437643
195,435.02702702702703,76.73029620620628,76.63985155668928
196,435.72972972972974,76.77686804013693,76.68661142778211
197,436.43243243243245,76.82333475294712,76.73327786263445
198,437.1351351351351,76.86969658231736,76.77985099622586
199,437.8378378378378,76.9159537661465,76.82633096353592
200,438.5405405405405,76.96210654254241,76.8727178995442
201,439.2432432432432,77.00815514981237,76.91901193923022
202,439.94594594594594,77.05409982645375,76.96521321757353
203,440.64864864864865,77.09994081114495,77.01132186955377
204,441.35135135135135,77.14567834273593,77.05733803015039
205,442.05405405405406,77.19131266023939,77.10326183434304
206,442.7567567567568,77.23684400282156,77.14909341711123
207,443.4594594594595,77.28227260979334,77.19483291343457
208,444.1621621621622,77.32759872060139,77.24048045829255
209,444.8648648648649,77.3728225748194,77.28603618666477
210,445.5675675675676,77.41794441213926,77.33150023353079
211,446.2702702702703,77.46296447236261,77.37687273387016
212,446.97297297297297,77.50788299539204,77.42215382266241
213,447.6756756756757,77.55270022122286,77.46734363488716
214,448.3783783783784,77.59741638993448,77.51244230552393
215,449.0810810810811,77.64203174168215,77.5574499695523
216,449.7837837837838,77.68654651668878,77.6023667619518
217,450.48648648648646,77.73096095523663,77.64719281770203
218,451.18918918918916,77.77527529765928,77.6919282717825
219,451.8918918918919,77.81948978433358,77.73657325917281
220,452.5945945945946,77.86360465567171,77.78112791485252
221,453.2972972972973,77.90762015211325,77.82559237380116
222,454.0,77.95153651411741,77.86996677099833
223,454.7027027027027,77.99535398215527,77.91425124142353
224,455.4054054054054,78.03907279670213,77.95844592005636
225,456.1081081081081,78.08269319822993,78.0025509418764
226,456.81081081081084,78.12621542719972,78.04656644186315
227,457.51351351351354,78.1696397240542,78.09049255499622
228,458.21621621621625,78.2129663292104,78.13432941625513
229,458.91891891891896,78.25619548305231,78.17807716061948
230,459.62162162162167,78.29932742592372,78.2217359230688
231,460.3243243243243,78.342362398121,78.26530583858266
232,461.02702702702703,78.38530063988611,78.30878704214062
233,461.72972972972974,78.42814239139945,78.35217966872224
234,462.43243243243245,78.47088789277309,78.39548385330707
235,463.13513513513516,78.5135373840437,78.4386997308747
236,463.8378378378378,78.5560911051659,78.48182743640464
237,464.5405405405405,78.5985492960055,78.52486710487648
238,465.2432432432432,78.64091219633279,78.56781887126978
239,465.94594594594594,78.6831800458159,78.61068287056406
240,466.64864864864865,78.72535308401447,78.65345923773896
241,467.35135135135135,78.767431550373,78.69614810777398
242,468.05405405405406,78.80941568421451,78.73874961564869
243,468.7567567567568,78.85130572473427,78.78126389634264
244,469.4594594594595,78.89310191099355,78.82369108483542
245,470.1621621621622,78.93480448191329,78.86603131610656
246,470.8648648648649,78.9764136762682,78.90828472513562
247,471.5675675675676,79.01792973268056,78.95045144690218
248,472.2702702702703,79.05935288961422,78.99253161638578
249,472.972972972973,79.10068338536881,79.034525368566
250,473.6756756756757,79.14192145807375,79.07643283842236
251,474.3783783783784,79.18306734568256,79.11825416093447
252,475.0810810810811,79.22412128596704,79.15998947108186
253,475.7837837837838,79.26508351651171,79.2016389038441
254,476.48648648648646,79.30595427470813,79.24320259420072
255,477.18918918918916,79.34673379774938,79.28468067713132
256,477.8918918918919,79.38742232262467,79.32607328761546
257,478.5945945945946,79.42802008611385,79.36738056063265
258,479.2972972972973,79.46852732478209,79.40860263116251
259,480.0,79.50894427497457,79.44973963418457
260,480.7027027027027,79.54927117281136,79.49079170467837
261,481.4054054054054,79.58950825418214,79.53175897762348
262,482.1081081081081,79.62965575474117,79.5726415879995
263,482.81081081081084,79.66971390990227,79.61343967078594
264,483.51351351351354,79.7096829548338,79.6541533609624
265,484.21621621621625,79.74956312445377,79.69478279350838
266,484.91891891891896,79.789354653425,79.7353281034035
267,485.62162162162167,79.82905777615025,79.7757894256273
268,486.3243243243243,79.86867272676758,79.81616689515931
269,487.02702702702703,79.90819973914572,79.85646064697914
270,487.72972972972974,79.9476390468792,79.89667081606632
271,488.43243243243245,79.98699088328411,79.93679753740042
272,489.13513513513516,80.02625548139336,79.97684094596096
273,489.8378378378378,80.06543307395235,80.01680117672757
274,490.5405405405405,80.1045238934145,80.05667836467973
275,491.2432432432432,80.14352817193708,80.09647264479707
276,491.94594594594594,80.18244614137673,80.13618415205912
277,492.64864864864865,80.22127803328539,80.17581302144544
278,493.35135135135135,80.2600240789061,80.21535938793558
279,494.05405405405406,80.29868450916878,80.25482338650912
280,494.7567567567568,80.33725955468636,80.2942051521456
281,495.4594594594595,80.37574944575069,80.33350481982458
282,496.1621621621622,80.41415441232857,80.37272252452564
283,496.8648648648649,80.4524746840579,80.4118584012283
284,497.5675675675676,80.49071049024383,80.45091258491215
285,498.2702702702703,80.52886205985497,80.48988521055676
286,498.972972972973,80.56692962151968,80.52877641314168
287,499.6756756756757,80.6049134035223,80.56758632764644
288,500.3783783783784,80.64281363379973,80.60631508905064
289,501.0810810810811,80.68063053993762,80.64496283233382
290,501.7837837837838,80.71836434916693,80.68352969247553
291,502.48648648648646,80.75601528836052,80.72201580445534
292,503.18918918918916,80.79358358402965,80.76042130325283
293,503.8918918918919,80.83106946232064,80.79874632384752
294,504.5945945945946,80.86847314901154,80.83699100121899
295,505.2972972972973,80.90579486950884,80.87515547034681
296,506.0,80.94303484884425,80.91323986621049
297,506.7027027027027,80.98019331167154,80.95124432378967
298,507.4054054054054,81.01727048226341,80.98916897806384
299,508.1081081081081,81.05426658450833,81.02701396401261
300,508.81081081081084,81.09118184190768,81.0647794166155
301,509.51351351351354,81.12801647757261,81.10246547085208
302,510.21621621621625,81.16477071422112,81.14007226170193
303,510.91891891891896,81.2014447741752,81.17759992414457
304,511.62162162162167,81.23803887935803,81.2150485931596
305,512.3243243243244,81.2745532512911,81.25241840372654
306,513.0270270270271,81.31098811109145,81.28970949082498
307,513.7297297297298,81.34734367946908,81.32692198943448
308,514.4324324324325,81.38362017672405,81.36405603453458
309,515.1351351351352,81.41981782274419,81.40111176110486
310,515.8378378378378,81.4559368370022,81.43808930412484
311,516.5405405405405,81.49197743855329,81.47498879857413
312,517.2432432432432,81.5279398460327,81.51181037943226
313,517.9459459459459,81.56382427765313,81.54855418167881
314,518.6486486486486,81.5996309512025,81.58522034029332
315,519.3513513513514,81.63536008404142,81.62180899025535
316,520.0540540540541,81.671011893101,81.65832026654448
317,520.7567567567568,81.70658659488049,81.69475430414025
318,521.4594594594595,81.74208440544513,81.73111123802218
319,522.1621621621622,81.77750554042382,81.7673912031699
320,522.8648648648649,81.8128502150071,81.80359433456294
321,523.5675675675676,81.84811864394499,81.83972076718088
322,524.2702702702703,81.88331104154481,81.87577063600325
323,524.972972972973,81.91842762166937,81.91174407600961
324,525.6756756756756,81.95346859773468,81.94764122217953
325,526.3783783783783,81.98843418270832,81.98346220949259
326,527.081081081081,82.02332458910723,82.0192071729283
327,527.7837837837837,82.05814002899596,82.05487624746627
328,528.4864864864865,82.09288071398491,82.09046956808601
329,529.1891891891892,82.1275468552283,82.12598726976714
330,529.8918918918919,82.16213866342267,82.16142948748916
331,530.5945945945946,82.19665634880485,82.19679635623164
332,531.2972972972973,82.23110012115062,82.2320880109742
333,532.0,82.26547018977271,82.26730458669633
334,532.7027027027027,82.29976676351939,82.3024462183776
335,533.4054054054054,82.33399005077281,82.33751304099758
336,534.1081081081081,82.36814025944746,82.37250518953586
337,534.8108108108108,82.40221759698869,82.40742279897196
338,535.5135135135135,82.43622227037109,82.44226600428544
339,536.2162162162163,82.47015448609726,82.4770349404559
340,536.918918918919,82.50401445019622,82.51172974246282
341,537.6216216216217,82.53780236822215,82.54635054528583
342,538.3243243243244,82.57151844525288,82.58089748390447
343,539.0270270270271,82.60516288588879,82.6153706932983
344,539.7297297297298,82.63873589425138,82.64977030844688
345,540.4324324324325,82.67223767398208,82.68409646432974
346,541.1351351351352,82.70566842824103,82.71834929592649
347,541.8378378378378,82.73902835970588,82.75252893821664
348,542.5405405405405,82.77231767057062,82.7866355261798
349,543.2432432432432,82.80553656254456,82.8206691947955
350,543.9459459459459,82.8386852368511,82.85463007904329
351,544.6486486486486,82.87176389422682,82.88851831390275
352,545.3513513513514,82.90477273492029,82.92233403435344
353,546.0540540540541,82.93771195869124,82.95607737537489
354,546.7567567567568,82.97058176480944,82.98974847194668
355,547.4594594594595,83.00338235205386,83.02334745904838
356,548.1621621621622,83.03611391871179,83.05687447165954
357,548.8648648648649,83.06877666257779,83.09032964475972
358,549.5675675675676,83.10137078095306,83.12371311332848
359,550.2702702702703,83.13389647064447,83.15702501234537
360,550.972972972973,83.16635392796378,83.19026547678995
361,551.6756756756756,83.19874334872698,83.22343464164179
362,552.3783783783783,83.23106492825336,83.25653264188044
363,553.081081081081,83.26331886136504,83.28955961248548
364,553.7837837837837,83.29550534238604,83.32251568843643
365,554.4864864864865,83.32762456514185,83.35540100471289
366,555.1891891891892,83.35967672295857,83.3882156962944
367,555.8918918918919,83.39166200866252,83.4209598981605
368,556.5945945945946,83.42358061457956,83.4536337452908
369,557.2972972972973,83.45543273253443,83.48623737266482
370,558.0,83.48721855385051,83.51877091526214
371,558.7027027027027,83.51893826934901,83.5512345080623
372,559.4054054054054,83.55059206934867,83.58362828604487
373,560.1081081081081,83.58218014366525,83.6159523841894
374,560.8108108108108,83.61370268161119,83.64820693747544
375,561.5135135135135,83.64515987199498,83.6803920808826
376,562.2162162162163,83.67655190312107,83.71250794939039
377,562.918918918919,83.70787896278928,83.74455467797839
378,563.6216216216217,83.73914123829464,83.77653240162616
379,564.3243243243244,83.77033891642692,83.80844125531323
380,565.0270270270271,83.80147218347051,83.84028137401921
381,565.7297297297298,83.83254122520395,83.87205289272362
382,566.4324324324325,83.86354622689994,83.90375594640605
383,567.1351351351352,83.89448737332486,83.93539067004602
384,567.8378378378379,83.9253648487388,83.9669571986231
385,568.5405405405406,83.95617883689522,83.99845566711687
386,569.2432432432433,83.98692952104084,84.0298862105069
387,569.9459459459459,84.01761708391558,84.0612489637727
388,570.6486486486486,84.04824170775235,84.09254406189388
389,571.3513513513514,84.07880357427703,84.12377163984996
390,572.0540540540541,84.10930286470831,84.15493183262052
391,572.7567567567568,84.13973975975775,84.18602477518513
392,573.4594594594595,84.17011443962961,84.21705060252333
393,574.1621621621622,84.200427084021,84.2480094496147
394,574.8648648648649,84.23067787212177,84.27890145143876
395,575.5675675675676,84.26086698261462,84.3097267429751
396,576.2702702702702,84.29099459367498,84.34048545920325
397,576.9729729729729,84.32106088297134,84.37117773510282
398,577.6756756756756,84.3510660276651,84.40180370565335
399,578.3783783783783,84.38101020441076,84.43236350583436
400,579.081081081081,84.41089358935609,84.46285727062546
401,579.7837837837837,84.44071635814221,84.49328513500618
402,580.4864864864865,84.47047868590369,84.5236472339561
403,581.1891891891892,84.50018074726889,84.55394370245476
404,581.8918918918919,84.52982271635993,84.58417467548173
405,582.5945945945946,84.55940476679316,84.61434028801659
406,583.2972972972973,84.58892707167912,84.64444067503885
407,584.0,84.61838980362297,84.6744759715281
408,584.7027027027027,84.64779313472468,84.70444631246389
409,585.4054054054054,84.6771372365793,84.73435183282578
410,586.1081081081081,84.70642228027725,84.76419266759336
411,586.8108108108108,84.73564843640466,84.79396895174614
412,587.5135135135135,84.76481587504364,84.82368082026372
413,588.2162162162163,84.79392476577267,84.85332840812563
414,588.918918918919,84.82297527766697,84.88291185031144
415,589.6216216216217,84.8519675792987,84.9124312818007
416,590.3243243243244,84.88090183873769,84.94188683757301
417,591.0270270270271,84.9097782235514,84.9712786526079
418,591.7297297297298,84.93859690080566,85.00060686188488
419,592.4324324324325,84.96735803706505,85.0298716003836
420,593.1351351351352,84.99606179839313,85.05907300308357
421,593.8378378378379,85.02470835035321,85.08821120496435
422,594.5405405405406,85.05329785800856,85.11728634100552
423,595.2432432432433,85.08183048592306,85.14629854618661
424,595.9459459459459,85.11030639816158,85.17524795548718
425,596.6486486486486,85.13872575829055,85.20413470388684
426,597.3513513513514,85.16708872937845,85.2329589263651
427,598.0540540540541,85.19539547399644,85.26172075790154
428,598.7567567567568,85.22364615421874,85.29042033347571
429,599.4594594594595,85.2518409316234,85.31905778806717
430,600.1621621621622,85.27997996729269,85.34763325665547
431,600.8648648648649,85.30806342181376,85.37614687422017
432,601.5675675675676,85.33609145527925,85.40459877574087
433,602.2702702702702,85.36406422728784,85.43298909619708
434,602.9729729729729,85.39198189694503,85.46131797056839
435,603.6756756756756,85.41984462286358,85.48958553383432
436,604.3783783783783,85.44765256316423,85.51779192097447
437,605.081081081081,85.47540587547635,85.54593726696841
438,605.7837837837837,85.50310471693871,85.57402170679566
439,606.4864864864865,85.5307492441999,85.60204537543581
440,607.1891891891892,85.5583396134194,85.63000840786839
441,607.8918918918919,85.58587598026787,85.65791093907298
442,608.5945945945946,85.61335849992815,85.68575310402912
443,609.2972972972973,85.64078732709588,85.71353503771638
444,610.0,85.6681626159802,85.74125687511433
445,610.7027027027027,85.69548452030453,85.76891875120253
446,611.4054054054054,85.72275319330733,85.79652080096052
447,612.1081081081081,85.74996878774283,85.82406315936788
448,612.8108108108108,85.7771314558818,85.85154596140416
449,613.5135135135135,85.80424134951235,85.87896934204892
450,614.2162162162163,85.83129861994078,85.90633343628171
451,614.918918918919,85.85830341799212,85.93363837908211
452,615.6216216216217,85.88525589401131,85.96088430542964
453,616.3243243243244,85.91215619786371,85.9880713503039
454,617.0270270270271,85.9390044789361,86.01519964868444
455,617.7297297297298,85.9658008861374,86.04226933555081
456,618.4324324324325,85.99254556789957,86.06928054588258
457,619.1351351351352,86.01923867217852,86.09623341465931
458,619.8378378378379,86.04588034645475,86.12312807686054
459,620.5405405405406,86.0724707377345,86.14996466746587
460,621.2432432432433,86.09900999255039,86.17674332145481
461,621.9459459459459,86.12549825696244,86.2034641738069
462,622.6486486486486,86.15193567655886,86.2301273595018
463,623.3513513513514,86.1783223964571,86.25673301351898
464,624.0540540540541,86.20465856130448,86.28328127083805
465,624.7567567567568,86.2309443152794,86.30977226643853
466,625.4594594594595,86.25717980209211,86.33620613529999
467,626.1621621621622,86.28336516498553,86.36258301240201
468,626.8648648648649,86.30950054673643,86.38890303272413
469,627.5675675675676,86.33558608965623,86.41516633124596
470,628.2702702702703,86.36162193559183,86.44137304294696
471,628.9729729729729,86.38760822592678,86.46752330280677
472,629.6756756756756,86.41354510158212,86.49361724580491
473,630.3783783783783,86.43943270301733,86.51965500692097
474,631.081081081081,86.46527117023138,86.54563672113449
475,631.7837837837837,86.49106064276351,86.57156252342503
476,632.4864864864865,86.51680125969455,86.59743254877213
477,633.1891891891892,86.54249315964759,86.62324693215538
478,633.8918918918919,86.56813648078911,86.64900580855436
479,634.5945945945946,86.59373136082996,86.67470931294858
480,635.2972972972973,86.61927793702635,86.70035758031761
481,636.0,86.64477634618096,86.72595074564103
482,636.7027027027027,86.67022672464373,86.75148894389838
483,637.4054054054054,86.69562920831308,86.77697231006923
484,638.1081081081081,86.7209839326369,86.80240097913315
485,638.8108108108108,86.7462910326135,86.82777508606966
486,639.5135135135135,86.7715506427927,86.85309476585837
487,640.2162162162163,86.79676289727685,86.87836015347881
488,640.918918918919,86.82192792972191,86.9035713839105
489,641.6216216216217,86.84704587333847,86.9287285921331
490,642.3243243243244,86.87211686089279,86.9538319131261
491,643.0270270270271,86.89714102470782,86.97888148186905
492,643.7297297297298,86.92211849666438,87.00387743334153
493,644.4324324324325,86.94704940820212,87.02881990252313
494,645.1351351351352,86.97193389032063,87.05370902439336
495,645.8378378378379,86.9967720735805,87.07854493393182
496,646.5405405405406,87.02156408810437,87.10332776611801
497,647.2432432432433,87.04631006357809,87.12805765593157
498,647.945945945946,87.0710101292517,87.15273473835197
499,648.6486486486486,87.09566441394065,87.17735914835886
500,649.3513513513514,87.1202730460267,87.20193102093175
501,650.0540540540541,87.14483615345922,87.22645049105017
502,650.7567567567568,87.16935386375613,87.25091769369374
503,651.4594594594595,87.1938263040051,87.27533276384202
504,652.1621621621622,87.21825360086461,87.29969583647451
505,652.8648648648649,87.24263588056502,87.32400704657081
506,653.5675675675676,87.26697326890981,87.34826652911048
507,654.2702702702703,87.29126589127642,87.37247441907306
508,654.9729729729729,87.3155138726178,87.39663085143812
509,655.6756756756756,87.3397173374631,87.42073596118522
510,656.3783783783783,87.36387640991902,87.44478988329394
511,657.081081081081,87.38799121367086,87.4687927527438
512,657.7837837837837,87.41206187198368,87.4927447045144
513,658.4864864864865,87.4360885077034,87.51664587358525
514,659.1891891891892,87.46007124325794,87.54049639493593
515,659.8918918918919,87.48401020065843,87.56429640354602
516,660.5945945945946,87.50790550150015,87.58804603439506
517,661.2972972972973,87.5317572669638,87.61174542246263
518,662.0,87.55556561781671,87.63539470272829
519,662.7027027027027,87.57933067441382,87.65899401017157
520,663.4054054054054,87.60305255669891,87.68254347977202
521,664.1081081081081,87.62673138420573,87.70604324650925
522,664.8108108108108,87.65036727605916,87.72949344536278
523,665.5135135135135,87.67396035097626,87.75289421131217
524,666.2162162162163,87.69751072726768,87.77624567933702
525,666.918918918919,87.7210185228384,87.79954798441685
526,667.6216216216217,87.74448385518932,87.8228012615312
527,668.3243243243244,87.76790684141803,87.84600564565969
528,669.0270270270271,87.79128759822022,87.86916127178183
529,669.7297297297298,87.81462624189083,87.89226827487721
530,670.4324324324325,87.83792288832497,87.91532678992539
531,671.1351351351352,87.86117765301933,87.93833695190588
532,671.8378378378379,87.88439065107329,87.9612988957983
533,672.5405405405406,87.90756199718987,87.98421275658217
534,673.2432432432433,87.93069180567728,88.00707866923707
535,673.945945945946,87.95378019044969,88.02989676874256
536,674.6486486486486,87.97682726502862,88.05266719007818
537,675.3513513513514,87.99983314254405,88.07539006822353
538,676.0540540540541,88.02279793573555,88.09806553815812
539,676.7567567567568,88.04572175695351,88.12069373486153
540,677.4594594594595,88.06860471816022,88.14327479331334
541,678.1621621621622,88.09144693093111,88.16580884849307
542,678.8648648648649,88.11424850645585,88.18829603538032
543,679.5675675675676,88.1370095555396,88.21073648895461
544,680.2702702702703,88.15973018860417,88.2331303441955
545,680.9729729729729,88.18241051568901,88.25547773608258
546,681.6756756756756,88.20505064645262,88.27777879959542
547,682.3783783783783,88.22765069017358,88.30003366971354
548,683.081081081081,88.25021075575171,88.32224248141651
549,683.7837837837837,88.27273095170938,88.3444053696839
550,684.4864864864865,88.29521138619246,88.36652246949527
551,685.1891891891892,88.31765216697163,88.38859391583014
552,685.8918918918919,88.34005340144357,88.41061984366814
553,686.5945945945946,88.36241519663196,88.4326003879888
554,687.2972972972973,88.38473765918889,88.45453568377164
555,688.0,88.4070208953958,88.47642586599628
556,688.7027027027027,88.42926501116479,88.49827106964221
557,689.4054054054054,88.45147011203974,88.52007142968904
558,690.1081081081081,88.47363630319742,88.54182708111634
559,690.8108108108108,88.4957636894488,88.56353815890364
560,691.5135135135135,88.51785237524,88.5852047980305
561,692.2162162162163,88.53990246465372,88.60682713347651
562,692.918918918919,88.56191406141016,88.6284053002212
563,693.6216216216217,88.58388726886832,88.64993943324413
564,694.3243243243244,88.60582219002711,88.67142966752485
565,695.0270270270271,88.62771892752659,88.69287613804295
566,695.7297297297298,88.64957758364898,88.71427897977799
567,696.4324324324325,88.67139826031993,88.73563832770947
568,697.1351351351352,88.69318105910975,88.75695431681703
569,697.8378378378379,88.71492608123438,88.77822708208018
570,698.5405405405406,88.73663342755664,88.79945675847844
571,699.2432432432433,88.75830319858751,88.82064348099149
572,699.945945945946,88.77993549448703,88.8417873845988
573,700.6486486486486,88.80153041506571,88.86288860427996
574,701.3513513513514,88.82308805978546,88.88394727501449
575,702.0540540540541,88.84460852776091,88.90496353178199
576,702.7567567567568,88.86609191776054,88.925937509562
577,703.4594594594595,88.88753832820768,88.9468693433341
578,704.1621621621622,88.90894785718191,88.96775916807783
579,704.8648648648649,88.93032060241995,88.98860711877276
580,705.5675675675676,88.95165666131707,89.00941333039844
581,706.2702702702703,88.9729561309279,89.03017793793444
582,706.9729729729729,88.99421910796792,89.0509010763603
583,707.6756756756756,89.0154456888144,89.07158288065563
584,708.3783783783783,89.03663596950761,89.0922234857999
585,709.081081081081,89.05779004575191,89.11282302677276
586,709.7837837837837,89.07890801291698,89.13338163855371
587,710.4864864864865,89.09998996603882,89.15389945612233
588,711.1891891891892,89.12103599982106,89.1743766144582
589,711.8918918918919,89.14204620863589,89.19481324854087
590,712.5945945945946,89.1630206865254,89.21520949334985
591,713.2972972972973,89.18395952720259,89.23556548386475
592,714.0,89.20486282405246,89.2558813550651
593,714.7027027027027,89.22573067013329,89.27615724193049
594,715.4054054054054,89.24656315817762,89.29639327944048
595,716.1081081081081,89.26736038059347,89.31658960257462
596,716.8108108108108,89.28812242946542,89.33674634631245
597,717.5135135135135,89.30884939655569,89.35686364563352
598,718.2162162162163,89.32954137330539,89.37694163551743
599,718.918918918919,89.35019845083546,89.39698045094374
600,719.6216216216217,89.37082071994797,89.41698022689198
601,720.3243243243244,89.39140827112706,89.43694109834172
602,721.0270270270271,89.41196119454025,89.45686320027252
603,721.7297297297298,89.4324795800393,89.47674666766395
604,722.4324324324325,89.45296351716155,89.49659163549555
605,723.1351351351352,89.47341309513088,89.51639823874689
606,723.8378378378379,89.49382840285891,89.53616661239752
607,724.5405405405406,89.51420952894604,89.55589689142704
608,725.2432432432433,89.53455656168259,89.57558921081494
609,725.945945945946,89.55486958904982,89.59524370554081
610,726.6486486486486,89.57514869872108,89.61486051058424
611,727.3513513513514,89.59539397806304,89.63443976092478
612,728.0540540540541,89.61560551413648,89.65398159154194
613,728.7567567567568,89.63578339369765,89.67348613741532
614,729.4594594594595,89.65592770319924,89.69295353352447
615,730.1621621621622,89.67603852879148,89.71238391484897
616,730.8648648648649,89.69611595632323,89.73177741636837
617,731.5675675675676,89.71616007134304,89.75113417306221
618,732.2702702702703,89.73617095910028,89.77045431991002
619,732.972972972973,89.75614870454616,89.78973799189143
620,733.6756756756756,89.77609339233483,89.80898532398601
621,734.3783783783783,89.79600510682451,89.82819645117323
622,735.081081081081,89.81588393207844,89.8473715084327
623,735.7837837837837,89.83572995186597,89.86651063074396
624,736.4864864864865,89.85554324966384,89.88561395308662
625,737.1891891891892,89.87532390865688,89.9046816104402
626,737.8918918918919,89.89507201173934,89.92371373778425
627,738.5945945945946,89.9147876415159,89.94271047009838
628,739.2972972972973,89.93447088030264,89.96167194236207
629,740.0,89.95412181012819,89.98059828955493
630,740.7027027027027,89.97374051273475,89.99948964665657
631,741.4054054054054,89.99332706957907,90.0183461486464
632,742.1081081081081,90.01288156183361,90.03716793050415
633,742.8108108108108,90.03240407038751,90.05595512720924
634,743.5135135135135,90.05189467584775,90.07470787374135
635,744.2162162162163,90.0713534585399,90.09342630507996
636,744.918918918919,90.0907804985095,90.11211055620464
637,745.6216216216217,90.11017587552287,90.13076076209495
638,746.3243243243244,90.12953966906832,90.14937705773045
639,747.0270270270271,90.14887195835696,90.16795957809074
640,747.7297297297298,90.16817282232392,90.18650845815529
641,748.4324324324325,90.18744233962923,90.20502383290375
642,749.1351351351352,90.20668058865894,90.22350583731566
643,749.8378378378379,90.22588764752614,90.24195460637054
644,750.5405405405406,90.24506359407191,90.26037027504799
645,751.2432432432433,90.26420850586634,90.27875297832756
646,751.945945945946,90.28332246020967,90.29710285118878
647,752.6486486486486,90.30240553413307,90.31542002861124
648,753.3513513513514,90.3214578043999,90.3337046455745
649,754.0540540540541,90.34047934750647,90.35195683705811
650,754.7567567567568,90.35947023968328,90.37017673804161
651,755.4594594594595,90.37843055689576,90.38836448350457
652,756.1621621621622,90.39736037484555,90.4065202084266
653,756.8648648648649,90.41625976897124,90.42464404778718
654,757.5675675675676,90.43512881444951,90.44273613656594
655,758.2702702702703,90.45396758619606,90.4607966097424
656,758.972972972973,90.47277615886662,90.4788256022961
657,759.6756756756756,90.49155460685795,90.49682324920664
658,760.3783783783783,90.51030300430871,90.51478968545356
659,761.081081081081,90.52902142510062,90.53272504601645
660,761.7837837837837,90.54770994285924,90.5506294658748
661,762.4864864864865,90.56636863095514,90.56850308000827
662,763.1891891891892,90.58499756250465,90.58634602339632
663,763.8918918918919,90.60359681037099,90.60415843101856
664,764.5945945945946,90.62216644716521,90.62194043785453
665,765.2972972972973,90.64070654524707,90.63969217888379
666,766.0,90.65921717672613,90.65741378908592
667,766.7027027027027,90.67769841346255,90.67510540344048
668,767.4054054054054,90.69615032706812,90.69276715692703
669,768.1081081081081,90.71457298890728,90.7103991845251
670,768.8108108108108,90.73296647009786,90.72800162121428
671,769.5135135135135,90.75133084151234,90.74557460197411
672,770.2162162162163,90.76966617377845,90.76311826178417
673,770.918918918919,90.7879725372804,90.78063273562398
674,771.6216216216217,90.80625000215957,90.79811815847313
675,772.3243243243244,90.82449863831566,90.81557466531117
676,773.0270270270271,90.84271851540738,90.83300239111767
677,773.7297297297298,90.8609097028537,90.85040147087219
678,774.4324324324325,90.87907226983445,90.86777203955427
679,775.1351351351352,90.8972062852914,90.88511423214348
680,775.8378378378379,90.91531181792921,90.90242818361938
681,776.5405405405406,90.9333889362163,90.91971402896155
682,777.2432432432433,90.95143770838567,90.9369719031495
683,777.945945945946,90.96945820243599,90.95420194116284
684,778.6486486486488,90.98745048613237,90.97140427798107
685,779.3513513513514,91.00541462700738,90.98857904858383
686,780.0540540540541,91.02335069236179,91.00572638795063
687,780.7567567567568,91.04125874926564,91.02284643106105
688,781.4594594594595,91.05913886455903,91.03993931289457
689,782.1621621621622,91.07699110485304,91.05700516843086
690,782.8648648648649,91.09481553653063,91.07404413264942
691,783.5675675675676,91.11261222574753,91.09105634052983
692,784.2702702702703,91.13038123843312,91.10804192705166
693,784.972972972973,91.1481226402913,91.12500102719446
694,785.6756756756756,91.1658364968014,91.14193377593776
695,786.3783783783783,91.18352287321898,91.15884030826115
696,787.081081081081,91.20118183457689,91.17572075914416
697,787.7837837837837,91.21881344568584,91.19257526356637
698,788.4864864864865,91.23641777113559,91.20940395650734
699,789.1891891891892,91.25399487529555,91.22620697294664
700,789.8918918918919,91.27154482231582,91.24298444786385
701,790.5945945945946,91.28906767612801,91.25973651623846
702,791.2972972972973,91.30656350044606,91.27646331305007
703,792.0,91.324032358767,91.29316497327824
704,792.7027027027027,91.34147431437206,91.30984163190251
705,793.4054054054054,91.35888943032732,91.32649342390246
706,794.1081081081081,91.37627776948456,91.34312048425767
707,794.8108108108108,91.39363939448222,91.35972294794766
708,795.5135135135135,91.41097436774606,91.37630094995197
709,796.2162162162163,91.42828275149022,91.39285462525024
710,796.918918918919,91.44556460771786,91.40938410882194
711,797.6216216216217,91.4628199982221,91.42588953564666
712,798.3243243243244,91.48004898458683,91.44237104070402
713,799.0270270270271,91.49725162818746,91.45882875897348
714,799.7297297297298,91.5144279901919,91.4752628254347
715,800.4324324324325,91.53157813156122,91.49167337506717
716,801.1351351351352,91.54870211305054,91.50806054285047
717,801.8378378378379,91.56579999520986,91.52442446376412
718,802.5405405405406,91.58287183838482,91.54076527278775
719,803.2432432432433,91.5999177027176,91.5570831049009
720,803.945945945946,91.61693764814758,91.57337809508309
721,804.6486486486488,91.6339317344123,91.5896503783139
722,805.3513513513514,91.65090002104817,91.60590008957291
723,806.0540540540541,91.6678425673912,91.62212736383964
724,806.7567567567568,91.68475943257806,91.6383323360937
725,807.4594594594595,91.70165067554652,91.65451514131462
726,808.1621621621622,91.71851635503648,91.67067591448193
727,808.8648648648649,91.73535652959076,91.68681479057523
728,809.5675675675676,91.75217125755567,91.70293190457409
729,810.2702702702703,91.76896059708207,91.71902739145804
730,810.972972972973,91.78572460612592,91.73510138620665
731,811.6756756756757,91.80246334244917,91.7511540237995
732,812.3783783783784,91.81917686362053,91.76718543921604
733,813.0810810810812,91.83586522701624,91.78319576743598
734,813.7837837837839,91.85252848982073,91.79918514343882
735,814.4864864864866,91.86916670902754,91.81515370220413
736,815.1891891891892,91.88577994144005,91.83110157871141
737,815.8918918918919,91.9023682436721,91.84702890794028
738,816.5945945945946,91.91893167214887,91.86293582487028
739,817.2972972972973,91.93547028310775,91.87882246448098
740,818.0,91.95198413259872,91.89468896175194
741,818.7027027027027,91.96847327648554,91.91053545166272
742,819.4054054054054,91.98493777044615,91.92636206919283
743,820.1081081081081,92.00137766997364,91.94216894932191
744,820.8108108108108,92.01779303037678,91.95795622702946
745,821.5135135135135,92.03418390678097,91.97372403729506
746,822.2162162162163,92.05055035412892,91.9894725150983
747,822.918918918919,92.06689242718117,92.00520179541869
748,823.6216216216217,92.08321018051714,92.02091201323577
749,824.3243243243244,92.09950366853566,92.03660330352918
750,825.0270270270271,92.1157729454557,92.05227580127843
751,825.7297297297298,92.13201806531721,92.06792964146305
752,826.4324324324325,92.14823908198163,92.08356495906267
753,827.1351351351352,92.1644360491329,92.09918188905675
754,827.8378378378379,92.18060902027783,92.11478056642497
755,828.5405405405405,92.19675804874711,92.13036112614685
756,829.2432432432432,92.21288318769588,92.1459237032019
757,829.9459459459459,92.22898449010431,92.1614684325697
758,830.6486486486486,92.24506200877863,92.17699544922982
759,831.3513513513514,92.26111579635153,92.19250488816186
760,832.0540540540541,92.27714590528302,92.2079968843453
761,832.7567567567568,92.29315238786094,92.22347157275976
762,833.4594594594595,92.30913529620199,92.2389290883848
763,834.1621621621622,92.32509468225199,92.25436956619993
764,834.8648648648649,92.34103059778694,92.26979314118472
765,835.5675675675676,92.3569430944135,92.28519994831876
766,836.2702702702703,92.37283222356966,92.30059012258161
767,836.972972972973,92.3886980365256,92.3159637989528
768,837.6756756756757,92.40454058438414,92.3313211124119
769,838.3783783783784,92.42035991808156,92.34666219793849
770,839.0810810810812,92.4361560883882,92.36198719051208
771,839.7837837837839,92.45192914590922,92.3772962251123
772,840.4864864864866,92.46767914108509,92.39258943671865
773,841.1891891891892,92.48340612419244,92.40786696031071
774,841.8918918918919,92.49911014534466,92.42312893086805
775,842.5945945945946,92.5147912544925,92.43837548337021
776,843.2972972972973,92.53044950142478,92.45360675279676
777,844.0,92.54608493576897,92.46882287412726
778,844.7027027027027,92.56169760699201,92.48402398234126
779,845.4054054054054,92.57728756440076,92.49921021241835
780,846.1081081081081,92.59285485714278,92.51438169933803
781,846.8108108108108,92.60839953420684,92.5295385780799
782,847.5135135135135,92.62392164442379,92.54468098362358
783,848.2162162162163,92.6394212364669,92.55980905094847
784,848.918918918919,92.65489835885272,92.5749229150343
785,849.6216216216217,92.6703530599416,92.5900227108605
786,850.3243243243244,92.68578538793844,92.60510857340671
787,851.0270270270271,92.70119539089313,92.62018063765245
788,851.7297297297298,92.71658311670134,92.63523903857731
789,852.4324324324325,92.73194861310508,92.65028391116084
790,853.1351351351352,92.74729192769328,92.66531539038255
791,853.8378378378379,92.76261310790247,92.68033361122204
792,854.5405405405405,92.77791220101741,92.69533870865891
793,855.2432432432432,92.79318925417162,92.71033081767266
794,855.9459459459459,92.80844431434802,92.72531007324287
795,856.6486486486486,92.82367742837964,92.74027661034907
796,857.3513513513514,92.83888864295007,92.75523056397085
797,858.0540540540541,92.8540780045941,92.7701720690878
798,858.7567567567568,92.86924555969846,92.78510126067943
799,859.4594594594595,92.88439135450223,92.8000182737253
800,860.1621621621622,92.89951543509751,92.81492324320499
801,860.8648648648649,92.91461784743008,92.82981630409802
802,861.5675675675676,92.92969863729986,92.844697591384
803,862.2702702702703,92.94475785036161,92.85956724004251
804,862.972972972973,92.95979553212551,92.87442538505303
805,863.6756756756757,92.97481172795756,92.88927216139521
806,864.3783783783784,92.98980648308053,92.90410770404853
807,865.0810810810812,93.00477984257412,92.91893214799254
808,865.7837837837839,93.01973185137582,92.93374562820688
809,866.4864864864866,93.03466255428141,92.94854827967109
810,867.1891891891892,93.04957199594548,92.96334023736463
811,867.8918918918919,93.06446022088211,92.97812163626722
812,868.5945945945946,93.07932727346527,92.99289261135829
813,869.2972972972973,93.09417319792954,93.00765329761748
814,870.0,93.1089980383706,93.02240383002427
815,870.7027027027027,93.1238018387458,93.03714434355828
816,871.4054054054054,93.13858464287476,93.05187497319906
817,872.1081081081081,93.15334649443983,93.06659585392615
818,872.8108108108108,93.16808743698677,93.08130712071915
819,873.5135135135135,93.1828075139251,93.0960089085576
820,874.2162162162163,93.19750676852898,93.11070135242099
821,874.918918918919,93.2121852439374,93.12538458728898
822,875.6216216216217,93.22684298315492,93.14005874814106
823,876.3243243243244,93.24148002905221,93.15472396995685
824,877.0270270270271,93.25609642436655,93.16938038771585
825,877.7297297297298,93.27069221170231,93.18402813639764
826,878.4324324324325,93.28526743353164,93.19866735098185
827,879.1351351351352,93.29982213219482,93.21329816644791
828,879.8378378378379,93.31435634990093,93.22792071777548
829,880.5405405405405,93.32887012872835,93.24253513994407
830,881.2432432432432,93.3433635106252,93.25714156793327
831,881.9459459459459,93.35783653741001,93.27174013672263
832,882.6486486486486,93.37228925077207,93.28633098129168
833,883.3513513513514,93.38672169227215,93.30091423662
834,884.0540540540541,93.4011339033428,93.3154900376872
835,884.7567567567568,93.4155259252891,93.33005851947271
836,885.4594594594595,93.42989779928894,93.34461981695623
837,886.1621621621622,93.44424956639367,93.35917406511726
838,886.8648648648649,93.45858126752861,93.37372139893532
839,887.5675675675676,93.47289294349353,93.38826195339004
840,888.2702702702703,93.48718463496309,93.40279586346094
841,888.972972972973,93.50145638248746,93.41732326412756
842,889.6756756756757,93.5157082264928,93.43184429036953
843,890.3783783783784,93.52994020728161,93.44635907716633
844,891.0810810810812,93.54415236503345,93.4608677594976
845,891.7837837837839,93.55834473980528,93.4753704723428
846,892.4864864864866,93.57251737153196,93.48986735068158
847,893.1891891891893,93.58667030002688,93.50435852949343
848,893.8918918918919,93.60080356498221,93.51884414375797
849,894.5945945945946,93.6149172059697,93.53332432845471
850,895.2972972972973,93.62901126244076,93.54779921856326
851,896.0,93.64308577372738,93.56226894906314
852,896.7027027027027,93.65714077904224,93.57673365493392
853,897.4054054054054,93.67117631747948,93.59119347115515
854,898.1081081081081,93.6851924280149,93.60564853270643
855,898.8108108108108,93.69918914950674,93.62009897456727
856,899.5135135135135,93.7131665206958,93.63454493171722
857,900.2162162162163,93.72712458020625,93.6489865391359
858,900.918918918919,93.74106336654587,93.66342393180284
859,901.6216216216217,93.75498291810659,93.67785724469755
860,902.3243243243244,93.76888327316499,93.6922866127997
861,903.0270270270271,93.78276446988275,93.70671217108872
862,903.7297297297298,93.79662654630697,93.72113405454428
863,904.4324324324325,93.81046954037083,93.73555239814587
864,905.1351351351352,93.82429348989399,93.74996733687308
865,905.8378378378379,93.83809843258292,93.76437900570545
866,906.5405405405405,93.85188440603156,93.77878753962256
867,907.2432432432432,93.86565144772155,93.79319307360396
868,907.9459459459459,93.87939959502282,93.80759574262919
869,908.6486486486486,93.89312888519403,93.82199568167786
870,909.3513513513514,93.90683935538294,93.8363930257295
871,910.0540540540541,93.92053104262695,93.85078790976365
872,910.7567567567568,93.93420398385342,93.86518046875986
873,911.4594594594595,93.94785821588025,93.87957083769777
874,912.1621621621622,93.96149377541617,93.89395915155686
875,912.8648648648649,93.97511069906132,93.90834554531673
876,913.5675675675676,93.98870902330756,93.9227301539569
877,914.2702702702703,94.00228878453896,93.93711311245698
878,914.972972972973,94.01585001903223,93.9514945557965
879,915.6756756756757,94.02939276295713,93.96587461895501
880,916.3783783783784,94.04291705237695,93.98025343691211
881,917.0810810810812,94.05642292324879,93.99463114464729
882,917.7837837837839,94.06991041142419,94.00900787714016
883,918.4864864864866,94.08337955264936,94.02338376937027
884,919.1891891891893,94.0968303825657,94.03775895631719
885,919.8918918918919,94.11026293671024,94.05213357296046
886,920.5945945945946,94.12367725051593,94.06650775427968
887,921.2972972972973,94.1370733593122,94.08088163525434
888,922.0,94.15045129832521,94.09525535086405
889,922.7027027027027,94.16381110267851,94.10962903608836
890,923.4054054054054,94.17715280739316,94.12400282590681
891,924.1081081081081,94.19047644738825,94.13837685529901
892,924.8108108108108,94.20378205748142,94.15275125924444
893,925.5135135135135,94.21706967238912,94.1671261727227
894,926.2162162162163,94.23033932672703,94.18150173071336
895,926.918918918919,94.24359105501051,94.19587806819601
896,927.6216216216217,94.25682489165487,94.21025532015014
897,928.3243243243244,94.27004087097606,94.22463362155534
898,929.0270270270271,94.28323902719066,94.2390131073912
899,929.7297297297298,94.29641939441665,94.25339391263722
900,930.4324324324325,94.30958200667342,94.26777617227302
901,931.1351351351352,94.32272689788262,94.28216002127812
902,931.8378378378379,94.3358541018681,94.29654559463205
903,932.5405405405405,94.34896365235653,94.31093302731443
904,933.2432432432432,94.36205558297777,94.32532245430482
905,933.9459459459459,94.37512992726526,94.33971401058275
906,934.6486486486486,94.38818671865629,94.35410783112778
907,935.3513513513514,94.40122599049246,94.36850405091946
908,936.0540540540541,94.41424777602006,94.38290280493734
909,936.7567567567568,94.42725210839046,94.39730422816103
910,937.4594594594595,94.44023902066041,94.41170845557008
911,938.1621621621622,94.4532085457925,94.42611562214401
912,938.8648648648649,94.46616071665544,94.44052586286242
913,939.5675675675676,94.47909556602451,94.45493931270482
914,940.2702702702703,94.49201312658188,94.46935610665082
915,940.972972972973,94.50491343091697,94.48377637967997
916,941.6756756756757,94.51779651152688,94.49820026677179
917,942.3783783783784,94.53066240081665,94.51262790290588
918,943.0810810810812,94.54351113109973,94.52705942306181
919,943.7837837837839,94.55634273459818,94.5414949622191
920,944.4864864864866,94.56915724344323,94.55593465535733
921,945.1891891891893,94.58195468967553,94.57037863745603
922,945.8918918918919,94.5947351052454,94.58482704349481
923,946.5945945945946,94.60749852201347,94.5992800084532
924,947.2972972972973,94.62024497175071,94.61373766731077
925,948.0,94.6329744861389,94.62820015504707
926,948.7027027027027,94.64568709677114,94.64266760664168
927,949.4054054054054,94.65838283515194,94.65714015707411
928,950.1081081081081,94.67106173269777,94.67161794132394
929,950.8108108108108,94.68372382073716,94.6861010943708
930,951.5135135135135,94.69636913051141,94.70058975119414
931,952.2162162162163,94.70899769317452,94.7150840467736
932,952.918918918919,94.72160953979383,94.72958411608869
933,953.6216216216217,94.73420470135025,94.744090094119
934,954.3243243243244,94.74678320873853,94.75860211584404
935,955.0270270270271,94.75934509276773,94.77312031624345
936,955.7297297297298,94.77189038416151,94.78764483029673
937,956.4324324324325,94.78441911355827,94.80217579298343
938,957.1351351351352,94.79693131151183,94.81671333928315
939,957.8378378378379,94.80942700849153,94.83125760417545
940,958.5405405405406,94.82190623488252,94.8458087226399
941,959.2432432432432,94.83436902098623,94.86036682965599
942,959.9459459459459,94.8468153970206,94.87493206020332
943,960.6486486486486,94.85924539312055,94.88950454926143
944,961.3513513513514,94.87165903933797,94.90408443180996
945,962.0540540540541,94.8840563656424,94.91867184282839
946,962.7567567567568,94.89643740192119,94.9332669172963
947,963.4594594594595,94.9088021779798,94.94786979019327
948,964.1621621621622,94.92115072354214,94.96248059649878
949,964.8648648648649,94.93348306825091,94.97709947119247
950,965.5675675675676,94.94579924166788,94.99172654925391
951,966.2702702702703,94.9580992732742,95.00636196566262
952,966.972972972973,94.97038319247075,95.02100585539813
953,967.6756756756757,94.98265102857836,95.03565835344006
954,968.3783783783784,94.9949028108383,95.05031959476793
955,969.0810810810812,95.00713856841229,95.0649897143613
956,969.7837837837839,95.01935833038313,95.07966884719977
957,970.4864864864866,95.03156212575479,95.09435712826289
958,971.1891891891893,95.04374998345271,95.10905469253015
959,971.8918918918919,95.05592193232431,95.12376167498121
960,972.5945945945946,95.06807800113901,95.13847821059557
961,973.2972972972973,95.08021821858874,95.1532044343528
962,974.0,95.0923426132881,95.16794048123242
963,974.7027027027027,95.10445121377471,95.18268648621401
964,975.4054054054054,95.11654404850952,95.19744258427724
965,976.1081081081081,95.12862114587718,95.2122089104015
966,976.8108108108108,95.14068253418604,95.22698559956652
967,977.5135135135135,95.15272824166885,95.24177278675165
968,978.2162162162163,95.16475829648266,95.25657060693663
969,978.918918918919,95.1767727267094,95.27137919510096
970,979.6216216216217,95.18877156035597,95.2861986862242
971,980.3243243243244,95.20075482535472,95.30102921528587
972,981.0270270270271,95.21272254956344,95.31587091726558
973,981.7297297297298,95.224674760766,95.33072392714286
974,982.4324324324325,95.23661148667232,95.3455883798973
975,983.1351351351352,95.24853275491887,95.36046441050843
976,983.8378378378379,95.26043859306881,95.37535215395584
977,984.5405405405406,95.27232902861226,95.39025174521902
978,985.2432432432432,95.2842040889668,95.40516331927762
979,985.9459459459459,95.2960638014774,95.42008701111115
980,986.6486486486486,95.30790819341696,95.43502295569917
981,987.3513513513514,95.31973729198653,95.44997128802126
982,988.0540540540541,95.33155112431535,95.46493214305696
983,988.7567567567568,95.34334971746163,95.47990565578587
984,989.4594594594595,95.3551330984122,95.49489196118745
985,990.1621621621622,95.36690129408323,95.50989119424133
986,990.8648648648649,95.37865433132032,95.52490348992708
987,991.5675675675676,95.39039223689879,95.53992898322429
988,992.2702702702703,95.40211503752393,95.55496780911241
989,992.972972972973,95.41382275983126,95.5700201025711
990,993.6756756756757,95.4255154303869,95.58508599857987
991,994.3783783783784,95.43719307568763,95.60016563211829
992,995.0810810810812,95.44885572216131,95.61525913816592
993,995.7837837837839,95.46050339616707,95.63036665170233
994,996.4864864864866,95.47213612399554,95.64548830770704
995,997.1891891891893,95.48375393186929,95.66062424115967
996,997.891891891892,95.4953568459428,95.67577458703971
997,998.5945945945946,95.5069448923029,95.69093948032679
998,999.2972972972973,95.51851809696896,95.7061190560004
999,1000.0,95.53007648589323,95.72131344904017
